{
    "$schema": "https://schema.management.azure.com/schemas/2015-01-01/deploymentParameters.json#",
    "contentVersion": "1.0.0.0",
    "parameters": {
        "virtualMachines_vm1_name": {
            "value": null
        },
        "virtualNetworks_vm1VNET_name": {
            "value": null
        },
        "networkInterfaces_vm1VMNic_name": {
            "value": null
        },
        "networkSecurityGroups_vm1NSG_name": {
            "value": null
        },
        "publicIPAddresses_vm1PublicIP_name": {
            "value": null
        }
    }
}